5034624105310,EAN_13
5034624105310,EAN_13
5034624105310,EAN_13
5034624105310,EAN_13
5034624105310,EAN_13
5034624105310,EAN_13
5034624105310,EAN_13
5034624105310,EAN_13
5034624105310,EAN_13
5034624105310,EAN_13
5034624105310,EAN_13
5034624105310,EAN_13
5034624105310,EAN_13
5034624105310,EAN_13
5034624105310,EAN_13
5034624105310,EAN_13
5034624105310,EAN_13
5034624105310,EAN_13
5034624105310,EAN_13
5034624105310,EAN_13
5034624105310,EAN_13
5034624105310,EAN_13
123456,EAN
5034624105310,EAN_13
5034624105310,EAN_13
5034624105310,EAN_13
5034624105310,EAN_13
5034624105310,EAN_13
5034624105310,EAN_13
5034624105310,EAN_13
5034624105310,EAN_13
5034624105310,EAN_13
5034624105310,EAN_13
